Date,Inventory Level,Units Sold,Demand Forecast,Price,Discount,Weather Condition,Holiday/Promotion,Competitor Pricing
2022-01-01,115,4,11.11,28.2,10,Sunny,1,25.63
2022-01-02,175,2,-3.4,87.5,0,Rainy,0,91.2
2022-01-03,405,353,355.08,17.36,0,Cloudy,1,17.32
2022-01-04,293,202,215.12,59.97,5,Snowy,1,61.76
2022-01-05,191,189,187.88,84.04,20,Cloudy,0,87.67
2022-01-06,110,30,26.5,55.36,20,Snowy,1,55.66
2022-01-07,427,145,143.9,84.95,5,Rainy,0,81.19
2022-01-08,327,50,63.85,75.25,10,Rainy,1,72.17
2022-01-09,363,337,336.29,45.42,5,Sunny,0,48.52
2022-01-10,85,79,72.88,40.83,5,Rainy,1,37.97
2022-01-11,226,188,200.13,26.76,10,Sunny,1,23.06
2022-01-12,154,113,122.87,38.97,10,Snowy,1,39.36
2022-01-13,83,71,74.08,91.06,5,Rainy,1,87.75
2022-01-14,235,35,28.46,94.7,5,Snowy,1,96.42
2022-01-15,481,383,380.16,78.72,5,Sunny,0,79.95
2022-01-16,470,100,107.78,44.33,5,Sunny,0,45.48
2022-01-17,496,113,127.0,42.53,0,Rainy,0,41.27
2022-01-18,405,251,254.25,67.81,15,Snowy,1,66.0
2022-01-19,57,40,32.09,18.2,20,Snowy,0,19.89
2022-01-20,481,153,155.53,82.07,20,Sunny,0,78.23
2022-01-21,199,73,85.69,35.47,5,Snowy,0,36.6
2022-01-22,154,76,84.25,72.74,5,Cloudy,0,74.75
2022-01-23,270,86,96.93,81.58,20,Sunny,1,78.87
2022-01-24,348,267,278.48,43.55,15,Rainy,1,44.27
2022-01-25,295,174,193.93,43.78,20,Sunny,1,39.42
2022-01-26,416,167,158.14,15.27,5,Cloudy,1,19.08
2022-01-27,262,226,244.41,84.28,10,Cloudy,1,80.21
2022-01-28,61,11,9.35,50.21,10,Snowy,0,53.76
2022-01-29,437,126,117.22,22.66,10,Rainy,0,20.62
2022-01-30,102,99,89.84,74.44,10,Rainy,1,73.0
2022-01-31,290,182,186.25,87.75,20,Snowy,1,91.49
2022-02-01,219,117,115.87,45.83,15,Snowy,0,48.96
2022-02-02,459,393,393.95,60.56,20,Rainy,1,57.79
2022-02-03,457,344,360.4,49.16,0,Sunny,1,44.49
2022-02-04,153,48,55.25,14.93,5,Snowy,1,15.6
2022-02-05,386,175,193.14,11.44,20,Cloudy,1,9.09
2022-02-06,54,40,40.33,72.46,0,Snowy,1,76.02
2022-02-07,451,349,365.65,87.1,0,Cloudy,1,87.57
2022-02-08,205,1,0.79,92.29,15,Cloudy,0,92.58
2022-02-09,386,194,196.47,71.88,5,Cloudy,1,73.21
2022-02-10,352,176,177.7,25.15,0,Sunny,1,23.27
2022-02-11,113,28,21.82,69.58,15,Sunny,0,70.15
2022-02-12,327,107,97.95,43.28,5,Sunny,1,44.67
2022-02-13,364,194,211.34,79.77,0,Sunny,0,81.51
2022-02-14,338,255,249.03,86.36,5,Cloudy,1,88.09
2022-02-15,61,2,6.51,94.06,5,Sunny,0,97.23
2022-02-16,442,58,54.97,71.77,0,Rainy,1,67.81
2022-02-17,387,9,15.95,77.32,10,Snowy,0,73.41
2022-02-18,80,27,36.98,53.19,20,Snowy,1,49.1
2022-02-19,383,166,160.33,17.86,20,Cloudy,1,17.15
2022-02-20,92,84,90.74,21.57,5,Sunny,1,18.34
2022-02-21,499,12,9.12,21.62,15,Snowy,0,24.65
2022-02-22,422,187,198.37,85.13,20,Cloudy,1,82.11
2022-02-23,363,338,344.09,26.29,10,Rainy,0,28.07
2022-02-24,377,213,207.82,53.21,0,Cloudy,1,51.85
2022-02-25,286,38,45.8,86.95,0,Cloudy,1,89.51
2022-02-26,232,227,239.15,12.6,10,Cloudy,1,14.24
2022-02-27,72,27,24.07,56.81,10,Rainy,0,54.65
2022-02-28,84,37,50.78,53.65,5,Cloudy,1,50.73
2022-03-01,206,170,179.27,14.17,10,Cloudy,0,13.68
2022-03-02,440,82,96.59,20.73,10,Sunny,0,21.18
2022-03-03,108,3,17.88,46.47,10,Cloudy,1,48.57
2022-03-04,112,68,66.15,41.44,0,Snowy,0,39.17
2022-03-05,146,11,8.81,88.89,15,Rainy,1,85.61
2022-03-06,368,144,136.73,54.58,15,Snowy,0,53.88
2022-03-07,270,97,87.85,21.48,0,Sunny,1,22.17
2022-03-08,358,0,18.63,41.76,15,Rainy,0,43.54
2022-03-09,159,140,136.28,16.34,15,Cloudy,0,18.91
2022-03-10,136,135,150.86,83.67,10,Cloudy,0,82.28
2022-03-11,425,412,406.55,98.04,5,Sunny,1,101.14
2022-03-12,246,40,52.16,23.76,10,Rainy,1,19.1
2022-03-13,82,23,18.44,86.59,15,Cloudy,1,88.43
2022-03-14,261,75,68.55,84.12,20,Cloudy,0,87.29
2022-03-15,139,109,105.87,29.74,0,Sunny,0,29.14
2022-03-16,136,134,146.71,59.27,10,Snowy,0,62.53
2022-03-17,423,271,279.13,99.67,0,Rainy,1,95.94
2022-03-18,263,174,187.83,40.26,5,Cloudy,0,43.42
2022-03-19,103,30,39.16,59.55,15,Snowy,0,55.47
2022-03-20,394,383,388.55,20.24,0,Rainy,1,24.06
2022-03-21,153,95,107.08,67.09,10,Snowy,0,66.94
2022-03-22,199,48,43.99,76.26,15,Sunny,0,72.84
2022-03-23,404,224,226.24,24.35,20,Sunny,1,20.01
2022-03-24,285,73,71.63,34.96,20,Rainy,1,34.39
2022-03-25,224,11,19.27,68.81,0,Snowy,1,70.51
2022-03-26,399,174,165.9,91.95,0,Cloudy,0,90.42
2022-03-27,160,57,75.82,50.74,0,Snowy,0,50.93
2022-03-28,398,110,102.36,81.56,15,Sunny,0,83.25
2022-03-29,269,3,16.1,15.67,20,Sunny,1,10.7
2022-03-30,333,217,217.88,27.4,15,Snowy,0,22.5
2022-03-31,396,176,187.43,60.7,5,Sunny,0,58.3
2022-04-01,379,296,301.25,83.49,10,Rainy,0,80.4
2022-04-02,336,82,98.2,92.33,5,Rainy,1,92.16
2022-04-03,423,294,291.32,90.86,5,Rainy,0,87.84
2022-04-04,338,126,140.69,38.46,15,Sunny,0,40.26
2022-04-05,360,302,309.74,59.44,5,Snowy,0,54.56
2022-04-06,151,150,142.21,24.86,20,Sunny,0,24.86
2022-04-07,444,183,193.59,25.53,0,Snowy,0,30.29
2022-04-08,266,55,60.97,14.01,5,Cloudy,0,11.11
2022-04-09,286,264,274.68,89.58,15,Snowy,0,90.65
2022-04-10,168,90,98.78,49.94,5,Snowy,1,49.0
2022-04-11,316,8,27.61,13.91,5,Sunny,1,16.6
2022-04-12,203,28,41.17,89.81,20,Snowy,1,89.89
2022-04-13,147,85,87.43,63.86,20,Rainy,0,68.0
2022-04-14,413,290,284.23,65.02,15,Sunny,0,62.46
2022-04-15,172,51,50.16,30.54,10,Rainy,1,28.31
2022-04-16,83,16,9.23,98.77,5,Sunny,0,94.01
2022-04-17,353,87,87.0,65.76,15,Rainy,0,65.97
2022-04-18,183,6,22.95,46.57,5,Rainy,1,48.99
2022-04-19,300,64,59.49,31.33,15,Snowy,0,26.47
2022-04-20,92,1,13.32,99.59,15,Sunny,0,104.42
2022-04-21,126,122,129.47,38.66,5,Rainy,0,42.31
2022-04-22,278,40,43.69,28.1,0,Rainy,1,26.86
2022-04-23,379,47,49.35,67.28,0,Cloudy,0,64.02
2022-04-24,477,179,175.29,20.05,10,Snowy,0,23.74
2022-04-25,190,120,137.15,74.3,5,Sunny,0,72.1
2022-04-26,320,156,161.22,66.04,15,Rainy,1,68.39
2022-04-27,230,161,160.11,64.81,5,Sunny,0,62.19
2022-04-28,151,101,108.89,41.47,10,Rainy,1,40.66
2022-04-29,208,154,147.24,22.03,0,Rainy,0,17.42
2022-04-30,493,168,183.85,50.57,5,Cloudy,1,52.76
2022-05-01,80,29,34.24,83.36,15,Cloudy,0,79.25
2022-05-02,120,120,129.65,74.93,10,Cloudy,1,71.79
2022-05-03,79,35,29.45,14.6,20,Snowy,1,13.55
2022-05-04,499,420,432.96,57.71,20,Snowy,1,59.72
2022-05-05,431,293,291.05,85.36,10,Rainy,0,84.92
2022-05-06,87,52,53.65,74.27,10,Snowy,0,74.71
2022-05-07,349,12,11.57,32.94,5,Cloudy,0,32.33
2022-05-08,317,0,-7.21,49.56,5,Rainy,1,47.73
2022-05-09,173,144,151.45,40.85,20,Snowy,0,44.24
2022-05-10,178,130,121.41,55.3,15,Snowy,0,58.46
2022-05-11,171,76,87.29,34.47,20,Cloudy,0,34.29
2022-05-12,87,71,62.35,72.6,5,Snowy,0,69.05
2022-05-13,192,179,184.21,57.72,5,Rainy,0,62.04
2022-05-14,376,61,77.9,36.83,10,Snowy,1,35.33
2022-05-15,230,63,59.86,18.24,10,Sunny,1,18.11
2022-05-16,460,425,425.93,64.62,15,Sunny,1,60.77
2022-05-17,433,200,219.13,55.69,5,Sunny,0,53.56
2022-05-18,315,190,196.73,32.07,5,Snowy,0,33.45
2022-05-19,369,168,187.61,41.99,5,Rainy,1,41.6
2022-05-20,454,339,333.7,60.3,15,Snowy,0,56.75
2022-05-21,197,195,188.03,69.44,20,Cloudy,0,64.66
2022-05-22,124,49,46.06,81.1,0,Rainy,0,86.0
2022-05-23,183,55,65.0,57.99,15,Cloudy,1,53.44
2022-05-24,464,19,16.79,27.03,5,Cloudy,0,30.21
2022-05-25,195,108,98.71,30.87,10,Snowy,0,28.17
2022-05-26,159,92,91.24,95.51,15,Rainy,1,98.93
2022-05-27,194,167,164.48,33.67,0,Cloudy,1,34.25
2022-05-28,331,107,98.45,98.88,15,Snowy,1,100.18
2022-05-29,228,4,2.17,92.24,10,Snowy,0,96.48
2022-05-30,295,50,57.89,16.16,15,Cloudy,1,15.85
2022-05-31,107,2,0.05,13.4,15,Snowy,0,18.37
2022-06-01,247,60,61.31,17.4,0,Rainy,1,19.56
2022-06-02,414,339,355.34,31.28,15,Sunny,0,29.83
2022-06-03,393,160,167.35,98.0,0,Snowy,1,93.18
2022-06-04,492,406,406.3,64.19,20,Rainy,0,65.99
2022-06-05,361,197,211.45,54.5,10,Snowy,1,53.79
2022-06-06,182,25,34.88,58.27,5,Snowy,1,60.77
2022-06-07,455,311,319.36,72.31,0,Sunny,0,70.71
2022-06-08,379,147,137.61,39.31,5,Cloudy,0,40.97
2022-06-09,126,58,62.79,44.87,20,Cloudy,1,49.64
2022-06-10,347,331,321.58,45.9,0,Sunny,0,46.5
2022-06-11,89,81,85.71,25.84,10,Rainy,0,21.8
2022-06-12,76,27,32.53,83.3,0,Rainy,0,84.07
2022-06-13,456,257,268.56,81.86,20,Sunny,0,79.89
2022-06-14,413,360,351.79,92.66,0,Cloudy,1,92.07
2022-06-15,332,246,241.41,49.87,5,Cloudy,0,48.93
2022-06-16,308,287,280.85,97.7,5,Rainy,1,98.67
2022-06-17,246,138,130.96,96.24,15,Rainy,1,95.33
2022-06-18,213,85,94.8,63.91,5,Rainy,0,67.2
2022-06-19,236,51,47.99,86.2,0,Snowy,1,83.65
2022-06-20,88,46,39.2,23.82,15,Rainy,1,26.01
2022-06-21,457,322,331.75,96.86,0,Rainy,1,98.27
2022-06-22,88,63,82.53,47.93,0,Snowy,0,48.33
2022-06-23,449,350,360.58,78.86,10,Cloudy,1,75.98
2022-06-24,370,221,222.81,83.76,0,Rainy,1,88.55
2022-06-25,345,211,215.72,27.25,15,Snowy,1,27.65
2022-06-26,206,61,70.01,18.16,5,Rainy,1,22.12
2022-06-27,334,36,31.09,50.66,5,Rainy,1,52.62
2022-06-28,477,66,72.43,28.4,20,Sunny,1,24.45
2022-06-29,190,91,96.79,43.22,20,Snowy,0,38.41
2022-06-30,275,217,213.48,50.76,10,Rainy,1,53.11
2022-07-01,152,152,163.17,40.37,10,Rainy,1,39.42
2022-07-02,459,420,430.65,67.92,20,Cloudy,0,63.76
2022-07-03,54,50,64.22,88.08,10,Rainy,0,91.78
2022-07-04,294,233,244.29,68.34,15,Rainy,0,66.09
2022-07-05,183,96,112.46,39.37,20,Sunny,1,44.32
2022-07-06,390,182,178.49,31.23,0,Snowy,1,32.92
2022-07-07,329,260,271.48,27.5,15,Snowy,1,23.12
2022-07-08,279,198,194.31,18.57,20,Rainy,1,20.09
2022-07-09,447,241,258.1,96.09,20,Sunny,1,99.8
2022-07-10,356,207,212.59,87.93,5,Rainy,0,88.51
2022-07-11,234,9,18.78,78.92,10,Rainy,0,77.88
2022-07-12,294,291,306.6,16.9,20,Sunny,0,17.15
2022-07-13,407,173,174.88,74.18,15,Rainy,0,73.62
2022-07-14,299,146,155.94,29.61,20,Cloudy,1,24.99
2022-07-15,307,148,153.24,65.48,0,Sunny,0,68.75
2022-07-16,106,47,50.16,47.67,0,Sunny,0,48.66
2022-07-17,187,0,14.62,66.06,15,Rainy,0,69.1
2022-07-18,60,13,21.83,60.69,15,Snowy,0,63.58
2022-07-19,475,288,304.25,22.0,15,Snowy,0,20.29
2022-07-20,340,195,212.88,82.06,5,Rainy,0,85.5
2022-07-21,267,260,251.74,36.78,0,Cloudy,1,36.95
2022-07-22,466,288,298.52,77.01,10,Rainy,0,72.66
2022-07-23,196,162,178.42,58.78,15,Snowy,0,60.21
2022-07-24,115,63,58.21,28.36,10,Sunny,1,31.01
2022-07-25,223,75,73.63,85.01,0,Rainy,0,80.33
2022-07-26,451,362,356.86,86.88,10,Rainy,0,83.43
2022-07-27,67,58,70.02,66.71,0,Rainy,0,65.4
2022-07-28,430,188,205.2,25.82,20,Sunny,0,22.94
2022-07-29,171,62,62.1,50.8,0,Cloudy,1,47.35
2022-07-30,71,36,30.85,42.5,5,Sunny,1,39.66
2022-07-31,232,131,122.91,86.56,20,Sunny,0,83.89
2022-08-01,253,238,244.92,97.01,0,Rainy,0,94.87
2022-08-02,91,58,76.75,54.8,15,Rainy,0,57.77
2022-08-03,338,215,215.96,44.54,10,Rainy,1,47.11
2022-08-04,149,110,117.78,61.02,10,Rainy,0,64.34
2022-08-05,201,140,144.41,77.24,5,Rainy,0,77.95
2022-08-06,277,247,261.31,93.36,5,Rainy,0,92.82
2022-08-07,475,439,444.46,39.97,10,Rainy,1,41.45
2022-08-08,208,50,53.33,11.33,0,Rainy,0,13.1
2022-08-09,335,190,203.9,73.16,15,Snowy,1,72.06
2022-08-10,285,216,217.11,99.08,0,Snowy,0,94.81
2022-08-11,136,108,115.77,58.62,20,Rainy,1,63.52
2022-08-12,323,175,176.85,59.8,15,Sunny,1,55.03
2022-08-13,308,69,82.38,88.26,10,Cloudy,0,92.55
2022-08-14,168,3,20.85,85.87,10,Snowy,0,90.46
2022-08-15,384,36,30.88,18.12,10,Rainy,1,17.24
2022-08-16,342,228,234.82,37.65,20,Rainy,0,41.02
2022-08-17,304,109,114.04,94.59,20,Snowy,1,91.11
2022-08-18,313,175,181.48,83.51,0,Rainy,0,86.05
2022-08-19,372,282,281.59,69.62,5,Rainy,1,69.76
2022-08-20,462,158,148.07,46.17,0,Cloudy,1,44.6
2022-08-21,402,375,381.01,45.14,5,Cloudy,0,49.84
2022-08-22,332,241,252.68,48.79,20,Snowy,0,51.19
2022-08-23,339,125,119.73,91.82,20,Cloudy,1,91.35
2022-08-24,272,10,28.75,92.14,20,Snowy,0,89.86
2022-08-25,242,179,181.68,94.68,5,Snowy,1,96.28
2022-08-26,176,44,59.33,22.32,5,Rainy,0,23.19
2022-08-27,397,328,339.78,16.35,15,Snowy,0,12.7
2022-08-28,492,225,226.82,43.33,5,Sunny,0,47.54
2022-08-29,404,52,57.47,79.19,20,Snowy,1,76.32
2022-08-30,448,123,141.86,12.27,5,Snowy,1,14.3
2022-08-31,176,102,109.8,32.72,10,Rainy,0,30.29
2022-09-01,137,0,-2.11,27.37,10,Sunny,0,29.46
2022-09-02,197,115,128.25,62.1,5,Sunny,0,57.11
2022-09-03,104,36,43.51,19.89,10,Cloudy,0,20.29
2022-09-04,72,43,62.28,13.89,15,Rainy,1,16.01
2022-09-05,459,266,276.15,25.64,0,Rainy,1,28.55
2022-09-06,61,8,15.3,68.25,15,Snowy,0,70.3
2022-09-07,250,167,181.09,16.78,0,Sunny,0,17.9
2022-09-08,59,59,59.23,67.13,15,Snowy,1,71.25
2022-09-09,338,95,98.0,86.47,10,Rainy,1,85.38
2022-09-10,81,1,-1.19,13.12,0,Snowy,0,8.75
2022-09-11,102,13,5.5,13.23,10,Rainy,0,16.81
2022-09-12,482,108,112.64,72.44,15,Snowy,1,72.66
2022-09-13,195,110,113.59,52.77,0,Rainy,1,49.01
2022-09-14,51,43,47.09,85.25,20,Snowy,1,85.03
2022-09-15,423,288,282.7,53.59,10,Snowy,1,53.78
2022-09-16,155,2,0.21,26.36,10,Sunny,1,24.43
2022-09-17,222,221,215.52,92.68,10,Sunny,1,88.8
2022-09-18,403,245,257.49,36.68,10,Sunny,0,35.3
2022-09-19,241,134,140.62,52.53,0,Sunny,1,55.2
2022-09-20,293,236,235.44,62.66,0,Rainy,1,59.4
2022-09-21,405,2,15.67,56.9,0,Cloudy,1,52.55
2022-09-22,381,5,-3.67,83.44,15,Snowy,0,79.4
2022-09-23,231,24,30.82,94.13,5,Rainy,1,93.46
2022-09-24,276,103,111.77,87.14,20,Cloudy,1,87.87
2022-09-25,322,76,78.45,29.22,5,Sunny,1,28.01
2022-09-26,258,162,173.49,66.82,0,Cloudy,0,65.3
2022-09-27,277,89,99.92,97.21,10,Snowy,1,94.67
2022-09-28,357,204,222.17,39.15,0,Snowy,0,40.45
2022-09-29,209,189,193.02,81.11,20,Cloudy,0,82.74
2022-09-30,72,50,69.57,42.65,5,Sunny,0,47.07
2022-10-01,58,40,30.46,17.17,15,Snowy,0,15.06
2022-10-02,84,8,25.54,69.05,5,Cloudy,1,65.98
2022-10-03,97,15,8.27,74.42,15,Rainy,0,77.13
2022-10-04,451,214,210.25,47.43,15,Sunny,0,44.09
2022-10-05,259,95,96.4,94.36,5,Snowy,1,90.48
2022-10-06,281,262,260.15,67.53,15,Rainy,0,65.57
2022-10-07,352,307,310.5,95.52,10,Snowy,0,100.11
2022-10-08,87,33,49.62,94.44,20,Sunny,0,95.28
2022-10-09,413,354,367.46,30.62,0,Snowy,0,32.18
2022-10-10,403,371,379.72,57.4,15,Sunny,0,57.25
2022-10-11,203,28,36.26,19.69,0,Sunny,0,22.74
2022-10-12,450,130,131.54,25.1,20,Snowy,0,20.21
2022-10-13,313,239,237.98,12.3,20,Snowy,0,15.3
2022-10-14,481,447,458.08,48.59,10,Rainy,0,48.05
2022-10-15,295,75,70.88,20.15,15,Sunny,0,23.99
2022-10-16,74,62,80.3,26.41,15,Cloudy,0,22.07
2022-10-17,121,26,22.91,12.6,5,Rainy,1,16.93
2022-10-18,58,55,52.47,78.32,15,Snowy,1,73.59
2022-10-19,260,35,25.49,84.5,10,Snowy,1,80.3
2022-10-20,153,36,53.61,42.26,5,Cloudy,0,44.58
2022-10-21,326,274,267.88,24.44,0,Rainy,1,21.58
2022-10-22,453,41,59.98,94.56,20,Rainy,1,98.06
2022-10-23,468,66,63.96,52.86,20,Sunny,0,57.21
2022-10-24,312,6,7.82,98.14,20,Rainy,1,102.39
2022-10-25,246,151,146.19,83.36,20,Cloudy,1,80.58
2022-10-26,491,109,116.77,71.0,20,Rainy,1,66.23
2022-10-27,148,133,144.06,44.96,10,Sunny,0,44.49
2022-10-28,413,42,59.37,86.51,0,Snowy,0,87.05
2022-10-29,263,255,255.32,95.98,20,Snowy,0,93.47
2022-10-30,137,83,90.02,93.12,5,Cloudy,0,92.44
2022-10-31,490,172,191.27,46.15,20,Cloudy,1,47.12
2022-11-01,249,155,165.71,27.29,5,Sunny,1,22.77
2022-11-02,339,28,27.84,60.22,0,Snowy,0,63.43
2022-11-03,114,31,22.14,30.19,5,Snowy,1,33.05
2022-11-04,452,135,153.65,88.02,15,Cloudy,1,84.2
2022-11-05,303,38,54.81,22.57,15,Snowy,0,25.9
2022-11-06,169,5,10.18,31.95,20,Sunny,0,33.59
2022-11-07,198,95,106.97,35.1,10,Sunny,0,37.82
2022-11-08,199,17,9.43,39.72,15,Rainy,0,36.88
2022-11-09,336,223,230.24,59.13,20,Rainy,1,55.03
2022-11-10,443,157,150.42,79.89,0,Sunny,1,80.66
2022-11-11,405,336,343.28,19.47,5,Sunny,1,23.23
2022-11-12,84,83,97.94,32.2,10,Sunny,0,32.42
2022-11-13,424,278,287.62,83.33,5,Cloudy,0,82.12
2022-11-14,492,99,108.52,91.05,15,Cloudy,0,86.64
2022-11-15,214,49,59.12,38.48,10,Cloudy,1,35.01
2022-11-16,188,120,134.06,42.94,15,Sunny,0,39.77
2022-11-17,357,344,339.02,56.5,15,Sunny,1,52.85
2022-11-18,220,29,23.57,82.99,20,Cloudy,1,78.52
2022-11-19,105,100,99.39,65.96,10,Sunny,1,62.39
2022-11-20,359,91,100.09,38.88,15,Rainy,0,40.55
2022-11-21,425,43,34.65,93.35,20,Sunny,0,88.49
2022-11-22,488,213,213.94,15.21,20,Cloudy,0,12.38
2022-11-23,499,231,225.56,92.06,5,Sunny,1,92.45
2022-11-24,384,250,262.92,89.21,10,Rainy,1,92.99
2022-11-25,113,80,89.71,32.07,0,Rainy,0,33.29
2022-11-26,469,91,104.82,52.1,15,Rainy,1,55.44
2022-11-27,232,120,116.31,30.79,15,Sunny,1,29.84
2022-11-28,107,7,9.02,88.83,15,Snowy,1,84.93
2022-11-29,427,205,201.72,31.12,15,Snowy,1,30.53
2022-11-30,498,113,127.58,20.39,15,Sunny,0,18.48
2022-12-01,296,58,63.1,22.65,20,Cloudy,0,19.36
2022-12-02,168,123,131.77,61.73,5,Sunny,0,63.89
2022-12-03,109,57,63.18,17.62,0,Snowy,0,18.28
2022-12-04,293,182,200.11,54.12,5,Cloudy,1,49.55
2022-12-05,264,58,62.71,62.29,20,Sunny,0,65.46
2022-12-06,405,29,30.68,30.76,10,Cloudy,1,27.25
2022-12-07,104,45,48.56,47.81,10,Snowy,0,50.37
2022-12-08,300,130,141.3,94.93,20,Snowy,1,94.28
2022-12-09,344,253,259.54,45.3,0,Snowy,1,41.71
2022-12-10,250,149,142.1,60.94,0,Snowy,0,60.98
2022-12-11,162,98,114.91,31.48,0,Rainy,0,30.59
2022-12-12,435,104,111.18,53.8,15,Snowy,1,56.65
2022-12-13,480,382,394.01,14.01,10,Sunny,0,18.91
2022-12-14,430,246,249.03,53.35,15,Snowy,0,57.08
2022-12-15,207,167,181.59,19.44,5,Sunny,1,22.08
2022-12-16,469,397,412.84,23.66,0,Rainy,0,19.97
2022-12-17,78,62,76.55,93.89,5,Snowy,0,97.01
2022-12-18,384,135,125.12,64.17,20,Rainy,0,66.84
2022-12-19,457,185,193.99,73.84,20,Rainy,0,77.17
2022-12-20,330,257,262.01,86.24,15,Sunny,1,83.77
2022-12-21,182,67,65.95,35.12,0,Cloudy,1,31.06
2022-12-22,283,7,3.27,71.8,5,Snowy,0,66.92
2022-12-23,317,267,274.84,30.2,10,Cloudy,0,28.51
2022-12-24,394,249,265.76,30.79,10,Sunny,1,31.5
2022-12-25,221,139,150.52,66.64,20,Snowy,0,66.19
2022-12-26,410,166,163.58,13.75,0,Snowy,0,14.02
2022-12-27,59,43,42.79,81.92,0,Sunny,0,79.29
2022-12-28,181,8,13.33,96.47,5,Rainy,0,94.73
2022-12-29,336,329,324.13,74.37,0,Rainy,1,79.16
2022-12-30,182,35,25.81,97.71,0,Sunny,0,100.31
2022-12-31,450,249,247.01,56.99,15,Sunny,0,53.11
2023-01-01,205,146,147.66,14.1,5,Snowy,0,17.65
2023-01-02,453,170,172.15,42.19,0,Snowy,1,45.31
2023-01-03,409,177,192.43,67.89,5,Cloudy,1,68.71
2023-01-04,250,203,221.54,15.61,20,Snowy,1,14.07
2023-01-05,389,246,240.89,31.12,10,Cloudy,0,35.14
2023-01-06,492,84,84.33,16.97,10,Rainy,1,14.35
2023-01-07,489,98,108.46,40.44,0,Cloudy,1,44.12
2023-01-08,186,146,138.5,28.17,15,Rainy,1,27.08
2023-01-09,127,80,82.26,15.73,15,Rainy,1,13.47
2023-01-10,107,90,97.04,74.53,10,Rainy,1,73.25
2023-01-11,423,20,22.68,56.22,10,Cloudy,1,55.71
2023-01-12,364,51,66.47,25.28,20,Rainy,1,23.47
2023-01-13,88,44,41.0,62.78,0,Snowy,0,59.85
2023-01-14,219,36,35.86,46.5,0,Sunny,1,42.77
2023-01-15,347,16,23.01,52.54,15,Cloudy,1,47.75
2023-01-16,380,284,276.4,95.28,5,Sunny,0,98.58
2023-01-17,141,78,96.43,72.89,5,Rainy,0,76.6
2023-01-18,474,405,413.67,21.26,10,Rainy,1,23.32
2023-01-19,360,313,326.23,48.11,15,Sunny,0,44.07
2023-01-20,489,192,211.52,21.67,15,Cloudy,1,21.26
2023-01-21,363,147,155.79,89.57,5,Sunny,1,93.47
2023-01-22,406,148,157.28,98.24,20,Rainy,1,95.95
2023-01-23,174,66,77.84,16.95,15,Cloudy,0,13.64
2023-01-24,195,73,65.75,78.2,5,Rainy,1,77.58
2023-01-25,375,288,296.86,18.67,5,Snowy,1,21.86
2023-01-26,234,7,7.71,33.9,5,Cloudy,1,31.6
2023-01-27,211,13,19.46,53.52,10,Cloudy,0,54.4
2023-01-28,276,194,212.33,23.33,10,Snowy,0,28.27
2023-01-29,79,50,43.48,84.86,0,Sunny,0,80.51
2023-01-30,190,96,100.35,14.72,10,Snowy,0,12.11
2023-01-31,204,69,79.69,67.35,20,Rainy,0,64.96
2023-02-01,58,40,36.37,55.73,0,Sunny,1,51.11
2023-02-02,474,449,458.06,65.13,20,Cloudy,1,66.68
2023-02-03,482,374,373.94,15.65,20,Sunny,1,12.85
2023-02-04,199,1,-1.07,76.16,10,Snowy,1,72.32
2023-02-05,448,132,125.99,19.5,5,Cloudy,1,23.35
2023-02-06,228,224,227.78,35.9,20,Snowy,1,39.3
2023-02-07,470,342,361.55,53.76,15,Snowy,1,55.03
2023-02-08,98,24,21.52,76.83,5,Cloudy,1,76.21
2023-02-09,243,224,227.63,61.94,15,Rainy,1,65.73
2023-02-10,206,100,99.83,29.52,15,Cloudy,1,29.91
2023-02-11,105,6,24.27,21.3,15,Rainy,0,19.44
2023-02-12,53,36,33.92,61.38,20,Cloudy,1,58.99
2023-02-13,212,118,122.68,80.91,10,Sunny,1,78.13
2023-02-14,99,17,27.02,44.91,5,Snowy,1,49.73
2023-02-15,253,34,44.51,73.97,0,Sunny,0,77.5
2023-02-16,332,199,211.59,42.67,5,Snowy,0,47.34
2023-02-17,416,93,93.09,92.59,15,Rainy,0,89.53
2023-02-18,407,228,245.76,76.67,10,Cloudy,0,81.36
2023-02-19,307,20,17.09,92.76,10,Snowy,0,88.46
2023-02-20,119,60,60.73,50.99,20,Snowy,0,53.69
2023-02-21,439,313,323.22,22.71,15,Snowy,0,23.58
2023-02-22,162,161,165.57,32.53,5,Rainy,0,35.32
2023-02-23,309,271,284.5,26.71,10,Rainy,0,29.8
2023-02-24,300,109,104.39,19.56,15,Rainy,1,22.31
2023-02-25,257,130,136.36,28.9,5,Sunny,0,27.83
2023-02-26,450,221,238.31,55.52,20,Rainy,0,57.62
2023-02-27,396,293,288.72,21.71,15,Cloudy,1,22.81
2023-02-28,55,5,-1.15,18.9,10,Sunny,1,22.86
2023-03-01,145,110,122.44,37.35,15,Snowy,0,39.94
2023-03-02,214,146,157.21,20.71,10,Cloudy,1,22.29
2023-03-03,165,47,61.39,21.77,15,Cloudy,0,25.55
2023-03-04,352,31,37.9,43.55,20,Rainy,1,39.85
2023-03-05,235,67,58.28,17.05,15,Rainy,1,17.84
2023-03-06,330,134,148.15,14.28,0,Cloudy,1,12.12
2023-03-07,437,343,350.06,36.76,10,Cloudy,0,41.75
2023-03-08,269,142,137.94,48.15,0,Sunny,1,47.24
2023-03-09,344,132,123.48,68.21,0,Snowy,1,69.55
2023-03-10,417,32,30.05,90.53,15,Sunny,1,87.07
2023-03-11,454,132,149.92,60.09,0,Rainy,1,61.19
2023-03-12,220,4,10.51,28.95,5,Sunny,0,28.68
2023-03-13,214,207,203.16,69.05,15,Sunny,0,64.12
2023-03-14,357,285,299.45,58.24,5,Snowy,1,58.88
2023-03-15,140,23,36.7,91.75,20,Rainy,0,93.16
2023-03-16,265,34,45.62,64.0,5,Sunny,1,61.64
2023-03-17,365,272,275.63,36.56,15,Sunny,0,32.07
2023-03-18,428,389,390.92,69.45,0,Rainy,0,74.31
2023-03-19,467,234,249.84,85.37,20,Sunny,1,81.53
2023-03-20,453,175,188.84,69.9,10,Sunny,1,65.0
2023-03-21,484,207,224.77,68.33,15,Rainy,1,65.99
2023-03-22,301,84,81.52,28.53,0,Cloudy,0,27.2
2023-03-23,320,119,131.5,17.45,10,Snowy,0,17.94
2023-03-24,75,47,39.24,91.96,10,Sunny,1,92.76
2023-03-25,373,215,230.95,87.18,20,Cloudy,1,92.15
2023-03-26,265,20,21.19,47.11,5,Cloudy,1,43.96
2023-03-27,267,221,232.05,21.65,0,Cloudy,1,24.84
2023-03-28,457,435,428.26,32.49,0,Cloudy,1,33.15
2023-03-29,499,437,443.2,52.11,15,Cloudy,0,51.45
2023-03-30,94,41,31.46,61.86,15,Cloudy,1,60.79
2023-03-31,177,158,149.82,96.06,0,Cloudy,0,99.51
2023-04-01,332,23,18.52,79.33,5,Snowy,0,83.12
2023-04-02,229,215,230.84,75.69,15,Cloudy,0,77.86
2023-04-03,345,231,224.62,34.4,0,Snowy,0,35.75
2023-04-04,303,5,12.48,70.87,0,Snowy,0,75.61
2023-04-05,331,250,266.55,54.39,20,Snowy,1,50.04
2023-04-06,399,325,326.89,76.89,5,Sunny,1,80.29
2023-04-07,121,38,38.57,91.74,0,Rainy,0,94.4
2023-04-08,100,59,75.61,50.73,15,Sunny,0,48.94
2023-04-09,413,280,278.61,33.59,5,Cloudy,0,28.8
2023-04-10,461,127,119.17,48.76,15,Snowy,1,48.46
2023-04-11,143,19,34.62,27.9,5,Cloudy,0,28.93
2023-04-12,77,10,5.67,44.14,0,Snowy,0,41.21
2023-04-13,359,135,131.08,61.35,10,Rainy,1,61.4
2023-04-14,349,232,233.55,58.82,15,Rainy,1,59.31
2023-04-15,369,297,303.52,58.73,15,Cloudy,1,57.59
2023-04-16,81,50,40.29,76.3,0,Cloudy,0,78.11
2023-04-17,135,61,53.04,31.71,5,Snowy,0,35.85
2023-04-18,287,76,84.21,22.76,0,Snowy,1,20.85
2023-04-19,92,14,31.94,27.75,5,Sunny,1,30.31
2023-04-20,408,172,179.93,18.21,15,Cloudy,0,15.48
2023-04-21,64,40,31.96,71.89,0,Cloudy,0,67.82
2023-04-22,220,26,19.29,43.16,10,Snowy,0,40.98
2023-04-23,79,49,60.75,93.15,15,Cloudy,1,97.62
2023-04-24,331,42,49.47,37.25,10,Snowy,0,33.24
2023-04-25,228,70,71.15,31.29,20,Cloudy,1,32.58
2023-04-26,428,325,330.97,63.13,20,Snowy,0,60.67
2023-04-27,127,58,61.57,64.89,15,Cloudy,0,66.73
2023-04-28,227,157,173.5,94.53,5,Rainy,1,91.84
2023-04-29,84,1,-4.58,54.24,5,Snowy,0,54.12
2023-04-30,443,204,214.05,39.14,5,Snowy,1,44.01
2023-05-01,456,232,230.88,15.18,5,Snowy,1,10.98
2023-05-02,298,64,77.28,56.23,15,Rainy,0,51.5
2023-05-03,261,69,81.36,11.45,15,Cloudy,1,7.36
2023-05-04,454,364,372.62,64.95,0,Cloudy,0,67.47
2023-05-05,480,182,186.37,31.47,15,Sunny,0,29.52
2023-05-06,63,32,37.54,86.96,0,Cloudy,1,84.13
2023-05-07,461,249,253.72,13.9,10,Cloudy,0,14.33
2023-05-08,449,193,201.16,46.94,20,Cloudy,1,47.71
2023-05-09,380,241,250.7,59.14,10,Rainy,1,57.42
2023-05-10,293,116,118.7,31.88,0,Rainy,0,34.0
2023-05-11,489,478,484.76,28.07,5,Cloudy,0,27.19
2023-05-12,370,272,278.43,59.24,10,Snowy,1,61.58
2023-05-13,270,166,168.08,49.14,15,Snowy,0,50.73
2023-05-14,495,136,144.26,30.07,15,Cloudy,1,27.44
2023-05-15,473,72,69.54,31.22,0,Snowy,1,28.47
2023-05-16,362,8,2.9,80.56,5,Rainy,0,79.16
2023-05-17,420,315,312.76,35.48,20,Cloudy,1,36.78
2023-05-18,459,134,140.48,13.43,10,Sunny,1,17.64
2023-05-19,254,67,85.62,66.17,5,Sunny,0,65.68
2023-05-20,481,385,382.74,57.66,15,Cloudy,1,59.68
2023-05-21,325,16,12.68,80.75,10,Rainy,0,82.2
2023-05-22,267,254,253.06,35.96,20,Sunny,1,32.51
2023-05-23,346,251,242.03,20.96,0,Rainy,1,22.68
2023-05-24,483,449,458.31,39.93,5,Rainy,1,37.13
2023-05-25,355,65,72.77,44.88,0,Rainy,0,48.15
2023-05-26,223,23,14.16,91.73,20,Rainy,0,89.5
2023-05-27,163,96,107.37,69.64,10,Sunny,1,72.77
2023-05-28,374,123,129.59,56.79,20,Rainy,1,52.58
2023-05-29,233,3,19.76,90.16,5,Cloudy,0,90.82
2023-05-30,291,80,87.76,87.84,5,Cloudy,1,92.52
2023-05-31,435,278,268.59,84.11,15,Snowy,1,87.27
2023-06-01,133,8,2.26,67.7,20,Rainy,0,67.07
2023-06-02,378,170,181.76,25.92,10,Cloudy,0,23.25
2023-06-03,466,290,301.67,23.11,20,Sunny,0,21.57
2023-06-04,473,444,446.88,81.04,5,Snowy,0,85.28
2023-06-05,103,9,17.42,58.52,10,Cloudy,1,57.85
2023-06-06,426,142,149.22,41.55,20,Rainy,0,45.02
2023-06-07,146,52,52.35,54.35,5,Rainy,0,58.13
2023-06-08,131,44,50.2,59.52,5,Rainy,1,59.57
2023-06-09,493,462,459.41,26.96,5,Sunny,1,22.31
2023-06-10,237,190,206.74,77.18,0,Snowy,0,75.79
2023-06-11,472,333,328.81,88.53,20,Snowy,0,92.38
2023-06-12,170,54,52.94,78.46,5,Snowy,1,77.85
2023-06-13,441,229,245.49,56.31,10,Sunny,1,58.66
2023-06-14,324,238,242.74,45.15,15,Rainy,0,42.78
2023-06-15,190,83,97.69,88.74,10,Snowy,1,84.43
2023-06-16,305,248,253.47,25.13,20,Snowy,1,22.91
2023-06-17,196,103,98.22,41.4,0,Rainy,0,45.87
2023-06-18,89,3,10.74,44.13,20,Rainy,1,48.51
2023-06-19,489,420,439.19,15.72,5,Snowy,0,14.58
2023-06-20,153,56,50.29,53.08,20,Snowy,0,56.19
2023-06-21,249,140,151.5,41.53,10,Rainy,0,44.3
2023-06-22,248,163,174.41,73.75,5,Snowy,0,72.93
2023-06-23,448,448,462.74,67.9,10,Rainy,0,71.61
2023-06-24,75,49,59.17,50.93,15,Snowy,0,52.45
2023-06-25,299,99,95.96,91.59,20,Cloudy,1,88.79
2023-06-26,421,146,142.15,63.85,15,Rainy,1,63.53
2023-06-27,218,52,48.2,92.08,20,Cloudy,1,91.4
2023-06-28,302,49,55.43,83.39,15,Snowy,1,80.17
2023-06-29,176,60,56.82,40.81,0,Rainy,1,38.83
2023-06-30,131,96,95.08,95.11,10,Rainy,0,91.73
2023-07-01,484,153,153.68,77.15,10,Rainy,0,80.25
2023-07-02,368,311,302.45,67.18,5,Cloudy,1,66.53
2023-07-03,269,186,176.78,17.24,15,Sunny,1,22.09
2023-07-04,129,110,108.9,41.83,10,Snowy,0,37.46
2023-07-05,200,106,105.95,63.65,5,Rainy,0,65.53
2023-07-06,253,105,119.72,28.43,0,Rainy,1,25.54
2023-07-07,342,228,246.65,16.96,20,Rainy,0,21.79
2023-07-08,235,86,95.0,27.45,15,Cloudy,1,26.49
2023-07-09,290,181,198.63,25.74,5,Snowy,1,30.22
2023-07-10,74,12,10.36,80.64,15,Rainy,1,80.66
2023-07-11,281,42,61.99,18.85,20,Sunny,0,16.04
2023-07-12,370,43,62.59,65.42,0,Sunny,0,65.01
2023-07-13,282,143,134.34,11.63,5,Sunny,1,11.3
2023-07-14,364,311,309.29,52.8,10,Snowy,0,54.17
2023-07-15,222,203,199.33,22.18,20,Rainy,1,23.57
2023-07-16,189,113,105.39,67.62,5,Sunny,0,66.94
2023-07-17,209,129,133.03,23.31,15,Snowy,1,27.39
2023-07-18,190,186,178.45,41.8,20,Cloudy,0,46.65
2023-07-19,109,55,68.33,47.84,10,Snowy,0,45.71
2023-07-20,443,443,460.88,18.71,20,Rainy,1,20.32
2023-07-21,59,12,10.46,63.98,5,Sunny,1,59.41
2023-07-22,135,1,14.24,59.82,10,Cloudy,0,56.92
2023-07-23,266,71,70.62,17.95,0,Rainy,0,16.56
2023-07-24,255,0,6.85,48.52,5,Cloudy,1,49.41
2023-07-25,367,242,256.58,62.07,20,Cloudy,0,65.08
2023-07-26,193,159,172.72,34.76,20,Cloudy,1,34.83
2023-07-27,462,129,144.41,38.7,10,Snowy,1,37.4
2023-07-28,147,52,43.18,46.35,10,Rainy,0,45.3
2023-07-29,151,47,56.79,99.05,0,Cloudy,0,100.86
2023-07-30,341,288,297.54,45.59,20,Snowy,1,41.5
2023-07-31,339,111,118.93,29.41,10,Cloudy,1,31.19
2023-08-01,68,65,65.04,31.33,15,Cloudy,0,31.67
2023-08-02,178,43,42.36,49.92,0,Cloudy,1,49.83
2023-08-03,405,62,80.84,81.55,0,Cloudy,0,81.15
2023-08-04,279,86,77.26,84.1,5,Cloudy,0,83.67
2023-08-05,442,412,412.72,84.9,0,Cloudy,0,80.5
2023-08-06,71,19,27.8,54.18,0,Snowy,0,53.79
2023-08-07,166,16,20.13,28.32,10,Rainy,0,25.64
2023-08-08,236,159,150.34,82.34,5,Sunny,1,79.04
2023-08-09,125,74,93.05,11.06,0,Rainy,1,9.4
2023-08-10,377,295,298.91,11.61,0,Cloudy,1,7.66
2023-08-11,273,211,203.22,57.28,5,Cloudy,1,56.85
2023-08-12,417,31,22.27,89.83,5,Rainy,1,87.6
2023-08-13,252,31,49.8,15.21,10,Sunny,1,14.19
2023-08-14,470,440,449.47,43.47,20,Rainy,1,48.19
2023-08-15,340,84,98.62,35.03,5,Snowy,1,34.85
2023-08-16,497,483,502.77,99.09,5,Cloudy,0,102.7
2023-08-17,201,50,52.07,67.16,10,Sunny,1,68.13
2023-08-18,245,174,180.22,16.69,10,Rainy,1,16.58
2023-08-19,435,124,141.9,60.47,10,Rainy,0,58.31
2023-08-20,457,375,391.31,87.24,15,Sunny,0,85.05
2023-08-21,490,146,164.64,75.37,20,Cloudy,1,71.06
2023-08-22,482,20,18.97,39.25,15,Cloudy,0,41.79
2023-08-23,274,85,87.23,78.65,20,Cloudy,0,81.22
2023-08-24,454,313,315.37,82.51,0,Cloudy,1,81.93
2023-08-25,168,125,138.75,33.58,5,Sunny,1,34.4
2023-08-26,53,36,53.8,49.0,10,Sunny,1,51.96
2023-08-27,278,276,271.99,46.83,0,Sunny,1,45.15
2023-08-28,310,49,61.34,51.77,10,Sunny,1,50.29
2023-08-29,182,68,72.63,34.73,20,Cloudy,1,32.37
2023-08-30,364,2,14.99,71.19,10,Sunny,0,67.09
2023-08-31,442,258,277.95,64.8,5,Rainy,0,65.01
2023-09-01,60,4,-0.9,49.14,20,Cloudy,0,45.02
2023-09-02,73,65,63.57,22.11,0,Sunny,1,22.03
2023-09-03,161,93,101.25,48.02,5,Snowy,1,44.1
2023-09-04,243,130,148.51,63.99,15,Snowy,1,67.79
2023-09-05,196,171,174.57,50.99,5,Cloudy,1,54.69
2023-09-06,221,26,38.44,61.39,5,Snowy,0,60.24
2023-09-07,405,296,304.13,30.47,5,Rainy,0,31.38
2023-09-08,218,180,194.26,52.61,5,Rainy,0,50.73
2023-09-09,427,137,152.84,30.18,10,Snowy,0,31.34
2023-09-10,208,70,75.22,16.92,5,Snowy,1,14.38
2023-09-11,285,214,226.13,88.29,0,Cloudy,1,83.83
2023-09-12,412,142,161.43,69.78,5,Snowy,1,73.2
2023-09-13,380,172,180.08,15.87,15,Sunny,1,14.58
2023-09-14,353,155,170.78,90.93,5,Cloudy,0,91.27
2023-09-15,136,67,86.87,18.25,20,Sunny,0,22.26
2023-09-16,162,43,45.65,21.25,20,Cloudy,1,22.34
2023-09-17,73,12,10.64,96.36,20,Cloudy,1,96.85
2023-09-18,211,194,207.11,25.96,10,Snowy,1,29.26
2023-09-19,95,43,34.75,86.34,0,Snowy,1,82.64
2023-09-20,168,168,174.84,37.29,10,Rainy,1,33.62
2023-09-21,63,17,15.11,69.46,20,Cloudy,0,66.39
2023-09-22,78,24,35.96,12.01,20,Snowy,0,15.43
2023-09-23,132,65,67.19,54.16,5,Sunny,1,53.71
2023-09-24,410,337,355.68,70.93,0,Sunny,1,75.51
2023-09-25,149,62,68.32,27.57,20,Sunny,0,29.03
2023-09-26,154,124,126.36,38.13,20,Rainy,1,40.04
2023-09-27,428,316,307.5,30.23,15,Rainy,0,25.63
2023-09-28,122,118,123.42,64.14,10,Snowy,0,61.59
2023-09-29,351,340,344.66,97.29,20,Sunny,1,100.52
2023-09-30,207,20,23.76,69.41,5,Cloudy,1,73.08
2023-10-01,354,126,129.37,10.16,15,Cloudy,1,13.25
2023-10-02,62,3,-3.51,14.0,10,Sunny,1,14.16
2023-10-03,171,132,128.78,76.78,5,Snowy,1,72.48
2023-10-04,350,258,252.06,77.01,20,Cloudy,1,77.0
2023-10-05,472,214,215.42,76.13,0,Cloudy,0,75.6
2023-10-06,316,70,87.84,41.1,20,Cloudy,1,38.67
2023-10-07,460,341,360.37,10.29,15,Sunny,0,12.19
2023-10-08,213,46,49.05,84.62,0,Sunny,0,82.16
2023-10-09,145,69,73.47,87.12,0,Snowy,1,90.73
2023-10-10,248,134,130.25,51.2,10,Rainy,0,48.91
2023-10-11,70,31,28.76,39.49,15,Rainy,0,38.75
2023-10-12,417,221,240.47,21.0,15,Cloudy,1,19.87
2023-10-13,380,90,100.72,32.4,5,Sunny,1,27.61
2023-10-14,266,197,209.07,75.16,5,Sunny,0,72.83
2023-10-15,348,154,153.75,63.77,0,Cloudy,0,60.79
2023-10-16,381,79,92.96,83.9,10,Rainy,1,86.74
2023-10-17,418,143,144.06,38.77,5,Sunny,0,42.57
2023-10-18,100,36,36.74,54.95,20,Rainy,1,55.89
2023-10-19,381,257,247.11,95.36,0,Rainy,0,92.98
2023-10-20,96,44,35.65,32.41,0,Sunny,1,36.63
2023-10-21,224,146,147.85,30.32,5,Cloudy,0,30.59
2023-10-22,411,279,287.64,86.06,20,Snowy,1,88.24
2023-10-23,98,35,50.5,14.56,5,Snowy,1,14.46
2023-10-24,428,196,196.14,36.54,10,Cloudy,0,33.55
2023-10-25,70,66,57.14,76.13,0,Sunny,1,73.96
2023-10-26,412,352,344.92,56.18,5,Sunny,1,57.93
2023-10-27,314,82,86.32,29.61,10,Sunny,1,32.72
2023-10-28,216,106,108.48,40.24,5,Sunny,1,43.55
2023-10-29,276,131,140.96,88.42,10,Snowy,0,85.66
2023-10-30,63,56,65.67,70.76,15,Snowy,1,70.82
2023-10-31,120,18,12.7,55.0,20,Rainy,1,55.58
2023-11-01,156,91,100.96,12.67,15,Snowy,1,11.78
2023-11-02,261,99,90.13,97.94,10,Sunny,1,96.13
2023-11-03,268,262,252.19,74.57,20,Snowy,1,72.96
2023-11-04,310,55,72.42,60.91,0,Cloudy,0,65.74
2023-11-05,244,74,81.88,63.69,20,Sunny,1,66.4
2023-11-06,210,150,162.7,11.76,20,Rainy,0,9.65
2023-11-07,147,71,70.16,38.55,15,Rainy,0,37.63
2023-11-08,165,98,93.1,33.0,0,Cloudy,0,36.92
2023-11-09,441,262,263.41,83.58,15,Sunny,1,78.77
2023-11-10,80,58,66.12,66.21,0,Cloudy,1,67.33
2023-11-11,467,259,252.1,68.71,0,Snowy,1,65.83
2023-11-12,473,416,434.76,10.89,0,Cloudy,0,6.58
2023-11-13,126,33,46.22,66.25,20,Snowy,1,63.33
2023-11-14,395,226,234.74,82.59,20,Rainy,0,79.25
2023-11-15,275,71,63.11,30.78,5,Snowy,0,28.59
2023-11-16,238,5,-3.28,10.56,15,Sunny,1,7.35
2023-11-17,262,237,254.13,13.74,15,Rainy,0,14.97
2023-11-18,363,296,300.96,78.03,15,Cloudy,0,73.49
2023-11-19,191,176,169.13,98.35,20,Snowy,0,102.71
2023-11-20,455,132,139.77,98.34,20,Cloudy,1,93.59
2023-11-21,482,246,251.1,18.45,20,Rainy,0,15.43
2023-11-22,165,2,16.75,41.85,5,Snowy,0,39.1
2023-11-23,211,122,126.94,73.79,5,Sunny,0,70.46
2023-11-24,282,81,90.67,31.73,0,Sunny,0,35.62
2023-11-25,183,161,167.8,69.76,5,Snowy,1,66.35
2023-11-26,262,69,77.03,63.42,5,Sunny,1,59.2
2023-11-27,254,113,111.74,97.16,20,Rainy,1,98.12
2023-11-28,358,9,0.45,91.36,20,Rainy,0,94.03
2023-11-29,461,451,464.9,94.69,10,Cloudy,1,96.02
2023-11-30,399,36,26.93,11.6,20,Snowy,1,8.43
2023-12-01,495,178,196.37,41.72,15,Sunny,1,42.79
2023-12-02,384,19,24.11,80.41,5,Snowy,0,83.64
2023-12-03,468,255,247.17,12.23,0,Cloudy,1,7.68
2023-12-04,349,306,315.71,50.99,10,Cloudy,1,52.63
2023-12-05,121,90,92.12,56.51,0,Sunny,0,60.12
2023-12-06,108,24,28.05,45.47,15,Cloudy,0,47.24
2023-12-07,357,105,116.56,98.8,0,Cloudy,1,98.15
2023-12-08,477,283,285.81,22.81,15,Rainy,1,26.52
2023-12-09,346,103,115.98,75.36,15,Snowy,0,77.53
2023-12-10,319,71,84.95,83.24,0,Sunny,1,79.44
2023-12-11,382,186,195.64,92.42,10,Snowy,1,90.3
2023-12-12,260,82,85.15,88.78,10,Cloudy,0,93.34
2023-12-13,373,154,159.51,53.02,10,Cloudy,0,50.2
2023-12-14,372,90,103.78,20.02,20,Rainy,1,22.31
2023-12-15,328,291,302.16,82.35,0,Sunny,0,80.48
2023-12-16,148,53,52.09,40.93,15,Rainy,1,45.04
2023-12-17,435,294,289.27,70.09,0,Snowy,1,65.62
2023-12-18,84,80,85.21,44.36,5,Sunny,1,49.01
2023-12-19,156,18,35.37,25.68,0,Snowy,1,29.68
2023-12-20,332,321,334.36,74.84,20,Cloudy,0,79.61
2023-12-21,214,82,97.73,54.19,20,Cloudy,0,55.03
2023-12-22,91,33,36.47,67.14,10,Snowy,1,69.98
2023-12-23,446,349,353.99,16.62,20,Cloudy,0,12.07
2023-12-24,489,217,218.38,29.38,5,Snowy,0,24.51
2023-12-25,296,218,218.62,61.66,10,Rainy,1,58.54
2023-12-26,344,286,296.31,82.36,15,Rainy,1,79.08
2023-12-27,483,269,261.34,93.43,10,Cloudy,1,91.92
2023-12-28,374,171,161.12,42.12,0,Sunny,0,45.47
2023-12-29,445,314,326.27,85.85,20,Sunny,1,88.6
2023-12-30,451,174,170.53,67.54,20,Snowy,0,70.25
2023-12-31,363,321,324.28,36.77,10,Sunny,1,32.21
2024-01-01,388,229,234.86,39.66,0,Cloudy,0,42.94
